PARCELID,zonecode
M240100000800,SR
M240130000801,SR
M240130005903,SR
M240130005902,I
M240130005901,I
M240130007900,SR
M240130010300,SR
M240130010200,SR
M240130010100,SR
M240130009900,SR
M240130010400,SR
M240130010500,SR
M240130009400,SR
M240130009500,SR
M240130009200,SR
M240130007700,SR
M240130005700,SR
M240130005000,SR
M240130010000,SR
M240130009800,SR
M240130009700,SR
M240130009600,SR
M240130003101,SR
M240130005500,SR
M240130004900,SR
M240130004800,SR
M240130004700,SR
M240130010600,SR
M240130010700,SR
M240130010800,SR
M240130009300,SR
M240130007600,SR
M240130007800,SR
M240130008100,SR
M240110013800,SR
M240110014000,SR
M240110013500,SR
M240110013600,SR
M240110013700,SR
M240110013701,SR
M240130000500,SR
M240140001602,SR
M240130000400,SR
M240110014100,SR
M240110014200,SR
M240110014300,SR
M240110014400,SR
M240140001400,SR
M240140001501,SR
M240140001500,SR
M240140001300,SR
M240130002400,SR
M240130001300,SR
M240130001100,SR
M240130001200,SR
M240140001701,SU
M240140001600,SR
M240140001601,SR
M240140001700,SR
M240130000201,SR
M240140000600,SR
M240140000900,SR
M240140000800,SR
M240140000700,SR
M240140002000,SR
M240140002100,SR
M240140002200,SR
M240140001300,SR
M240140001000,SR
M240140001100,SR
M240140001200,SR
M240110013200,AR
M240160013500,SR
M240150003500,SR
M240150003400,SR
M240270000100,SR
M240150003900,SR
M240150003800,SR
M240150003700,SR
M240150003600,SR
M240150004200,SR
M240170006000,SU
M240170002000,UR
M240170002100,UR
M240170002200,UR
M240170002300,UR
M240170002400,UR
M240170002500,SU
M240170002600,SU
M240170002700,SU
M240130000300,SR
M240130003700,SR
M240130003300,SR
M240130003400,SR
M240130005600,SR
M240130005800,SR
M240130005701,SR
M240130005300,SR
M240130005200,SR
M240130005100,SR
M240130006000,SR
M240130006100,SR
M240130004401,SR
M240130003000,SR
M240130003100,SR
M240130002500,SR
M240130002300,SR
M240130001400,SR
M240130001501,SR
M240130002100,SR
M240130002200,SR
M240130002100,SR
M240130001500,SR
M240130001600,SR
M240130001700,SR
M240130001000,SR
M240130000900,SR
M240130000600,SR
M240130000700,SR
M240130004500,SR
M240130004400,SR
M240130001800,SR
M240130001900,SR
M240130002000,SR
M240130000800,SR
M240130006300,SR
M240130006400,SR
M240130002600,SR
M240130002600,SR
M240130002700,SR
M240130002800,SR
M240130002900,SR
M240140001801,SU
M240320000200,I
M240320000902,I
M240150001900,SR
M240150002000,SR
M240150002101,SR
M240150002100,SR
M240150001000,SR
M240150001100,SR
M240150001200,SR
M240150002200,SR
M240150002300,SR
M240150002400,SR
M240150002500,SR
M240150002600,SR
M240150002700,SR
M240150001300,SR
M240150001400,SR
M240150001500,SR
M240150001600,SR
M240150001700,SR
M240150001800,SR
M240150000100,SR
M240150000200,SR
M240150000300,SR
M240150000400,SR
M240150000500,SR
M240150000600,SR
M240150000701,SR
M240150000700,SR
M240150000703,SR
M240150000702,SR
M240150000800,SR
M240160010500,UR
M240160012900,SR
M240160010500,UR
M240160012900,SR
M240160012800,SR
M240160012700,SR
M240160012600,SR
M240150003100,SR
M240160009100,UR
M240160009000,UR
M240160008900,UR
M240160008800,UR
M240160008700,UR
M240160008600,UR
M240160008500,UR
M240160010400,UR
M240160010300,UR
M240160010200,UR
M240160010100,UR
M240160010000,UR
M240160009900,UR
M240160009800,UR
M240160009700,UR
M240160009600,UR
M240160009500,UR
M240160009400,UR
M240160009300,UR
M240160009200,UR
M240160013600,SR
M240160013500,SR
M240160013400,SR
M240160013300,SR
M240160013200,SR
M240160013100,SR
M240160013000,SR
M240150004500,SR
M240150003300,SR
M240150003200,SR
M240150004501,SR
M240160012801,SR
M240150002102,SR
M240270001300,SR
M240270001400,CB
M240270008000,SR
M240270001000,SR
M240270001100,CB
M240270001200,CB
M240130011700,I
M240130011800,SR
M240130011900,SR
M240130011901,SR
M240130013000,SR
M240270001701,SR
M240270000800,SR
M240130011503,I
M240130003200,SR
M240130003600,SR
M240130003800,SR
M240130003600,SR
M240130003500,SR
M240130005900,SR
M240130003101,SR
M240130005400,SR
M240130004600,SR
M240130000203,SR
M240130000200,SR
M240130000100,SR
M240130006200,SR
M240130006500,SR
M240130006600,SR
M240130007100,SR
M240130007000,SR
M240130006900,SR
M240130006800,SR
M240130006700,SR
M240130007200,SR
M240130007300,SR
M240130007500,SR
M240130007400,SR
M240170002900,UR
M240170003000,UR
M240170003100,UR
M240170003200,UR
M240170003300,UR
M240170005900,UR
M240170005800,UR
M240170005700,UR
M240160001200,SU
M240160001300,SU
M240160001400,SU
M240160001700,SU
M240160001600,SU
M240160001500,SU
M240160005900,SU
M240160006000,SU
M240160006100,SU
M240160011100,SU
M240160011100,SU
M240160011200,SU
M240160011600,SR
M240160011500,SR
M240160011400,SR
M240160011300,SR
M240150002900,SR
M240150002800,SR
M240150000900,SR
M240170005600,UR
M240170003400,UR
M240170003500,UR
M240170003600,UR
M240170003700,UR
M240170003800,UR
M240170004000,UR
M240170005600,UR
M240170005500,UR
M240170005400,UR
M240170005300,UR
M240170009602,UR
M240170009400,UR
M240170009500,UR
M240170009300,UR
M240170004100,UR
M240170004200,UR
M240170004400,UR
M240170004500,UR
M240170005200,UR
M240170005100,UR
M240170005000,UR
M240170004900,UR
M240170004800,UR
M240170004700,UR
M240170004600,UR
M240130004300,SR
M240130004200,SR
M240130004100,SR
M240130004000,SR
M240130003900,SR
M240130003900,SR
M240170000900,UR
M240170001000,UR
M240170001100,UR
M240170001200,UR
M240170001300,UR
M240170001400,UR
M240170001500,UR
M240170001600,UR
M240170001700,UR
M240170001800,UR
M240170001900,UR
M240170007900,UR
M240170007800,UR
M240170007700,UR
M240170007600,UR
M240170007500,UR
M240170007400,UR
M240170007300,UR
M240170007200,UR
M240170007100,UR
M240170007000,UR
M240170006900,UR
M240170006800,UR
M240170006700,UR
M240170006600,UR
M240170006500,UR
M240170006400,UR
M240170006300,UR
M240170006200,SU
M240170006100,SU
M240160001100,UR
M240160001100,UR
M240160002200,UR
M240160002100,UR
M240160002000,UR
M240160001900,UR
M240160001800,SU
M240160005800,SU
M240160006200,SU
M240160004800,UR
M240160004900,UR
M240160005000,UR
M240160005100,UR
M240160005200,UR
M240160005300,UR
M240160005400,UR
M240160005500,UR
M240160005600,UR
M240160005700,UR
M240160005800,UR
M240160007600,UR
M240160007500,UR
M240160007400,UR
M240160007300,UR
M240160007200,UR
M240160007100,UR
M240160007000,UR
M240160006900,UR
M240160006800,UR
M240160006700,UR
M240160006600,UR
M240160006500,UR
M240160006400,UR
M240160006300,UR
M240160006200,UR
M240160010800,UR
M240160010600,UR
M240160010700,UR
M240160010800,UR
M240160010900,UR
M240160011000,SU
M240160012500,SR
M240160012400,SR
M240160012300,SR
M240160012200,SR
M240160012100,SR
M240160012000,SR
M240160011900,SR
M240160011800,SR
M240160011700,SR
M240170002800,UR
M240150003001,SR
M240150003000,SR
M240170000100,UR
M240170000200,UR
M240170000300,UR
M240170000400,UR
M240170000500,UR
M240170000600,UR
M240170009200,UR
M240170009100,UR
M240170009000,UR
M240170008900,UR
M240170008800,UR
M240170008700,UR
M240170008600,UR
M240170008500,UR
M240170008400,UR
M240170008300,UR
M240170008200,UR
M240170008100,UR
M240170008000,UR
M240160000100,UR
M240160000200,UR
M240160000300,UR
M240160000400,UR
M240160000500,UR
M240160000600,UR
M240160000700,UR
M240160000800,UR
M240160000900,UR
M240160001000,UR
M240160000100,UR
M240160003300,UR
M240160003200,UR
M240160003100,UR
M240160003000,UR
M240160002900,UR
M240160002800,UR
M240160002700,UR
M240160002600,UR
M240160002500,UR
M240160002400,UR
M240160002300,UR
M240160004700,UR
M240160004600,UR
M240160004500,UR
M240160004400,UR
M240160004300,UR
M240160004200,UR
M240160004100,UR
M240160004000,UR
M240160003900,UR
M240160003800,UR
M240160003700,UR
M240160003600,UR
M240160003500,UR
M240160003400,UR
M240160008400,UR
M240160008300,UR
M240160008200,UR
M240160008100,UR
M240160008000,UR
M240160007900,UR
M240160007800,UR
M240160007700,UR
M240170000700,UR
M240170000800,UR
M240150004600,SR
M240150005001,SR
M240260000100,SR
M240150005000,SR
M240130011500,I
M240130011600,I
M240130011100,SR
M240130011200,SR
M240130011401,I
M240130011400,I
M240140000100,SR
M240140000200,SR
M240140000300,SR
M240140000400,SR
M240140000500,SR
M240140001800,SR
M240140001900,SR
M240140001702,SU
M240110012900,UR
M240110013000,UR
M240110013100,UR
M240130010900,SR
M240130011000,SR
M240150004300,M*
M240130011502,M*
M240130008000,SR
M240130008200,SR
M240130009100,SR
M240130008800,SR
M240130008900,SR
M240130009000,SR
M240130008700,SR
M240130008300,SR
M240130008400,SR
M240130008500,SR
M240130008600,SR
M240130012100,SR
M240130012101,SR
M240130012000,SR
M240130013100,SR
M240130012200,SR
M240130012300,SR
M240130012400,SR
M240130012600,SR
M240130012500,SR
M240130012700,SR
M240130012501,SR
M240130012800,SR
M240130012900,SR
M240320000902,I
M240320000904,I
M240140001802,SU
M240150005200,SR
M240130012801,SR
M240260000200,SR
M240320003901,SR
M240320005400,SR
M240320005300,SR
M240260000400,SR
M240320003800,SR
M240320003800,SR
M240320003300,SR
M240320000200,I
M240320000300,I
M240320003700,SR
M240320003600,SR
M240320004309,SR
M240320004308,SR
M240320004307,SR
M240320004306,SR
M240320004305,SR
M240320004304,SR
M240320004303,SR
M240320004302,SR
M240320004301,SR
M240320004300,SR
M240320005000,SR
M240320004900,SR
M240320004800,SR
M240320004202,SR
M240320004100,SR
M240320004200,SR
M240320004201,SR
M240320004700,SR
M240320004701,SR
M240320004000,SR
M240320005500,SR
M240320003900,SR
M240320004600,SR
M240320005100,SR
M240320005700,SR
M240320005600,SR
M240320005200,SR
M240270007100,SR
M240260000300,SR
M240270001500,SR
M240270002000,SR
M240270001700,I
M240270001800,SR
M240270002100,SR
M240270001900,SR
M240270000700,AR
M240270000500,AR
M240270000600,AR
M240270000400,AR
M240270000201,SR
M240270000300,AR
M240270000200,SR
M240270000402,AR
M240150004000,SR
M240150004100,SR
M240260000202,SR
M240260000201,SR
M240270002001,SR
M240270002002,SR
M240150004801,SR
M240150004800,SR
M240150004400,SR
M240150005005,SR
M240150005004,SR
M240150005007,SR
M240150005006,SR
M240150001801,SR
M240320003100,I
M240320003801,SR
M240200002301,UR
M240210006601,UR
M240290008900,CB
M240280003001,I
M240210004701,UR
M240050000600,UR
M240190006201,UR
M240050008401,UR
M240220012300,DE
M240220012300,DE
M240330013002,RC
M240330012501,RC
M240300000501,UR
M240300000601,UR
M240220003201,CB
M240120015901,DE
M240120001701,UR
M240270008300,CB
M240020011200,SU
M240230027503,UR
M240280000201,M*
M240080003101,UR
M240080006101,UR
M240310005002,SU
M240330009100,SR
M240330009101,SR
M240200002800,UR
M240280004501,UR
M240330005201,SR
M240060006901,UR
M240310004900,SU
M240280000100,M*
M240310000101,SR
J180020003400,SR
M240310005001,SU
M240310004900,SU
M240310004900,SU
M240310000300,SR
J180040000300,SR
J180040000301,SR
M240330006300,SR
M240330006501,SR
M240330006400,SR
M240330006700,SR
M240330006800,SR
M240330006900,SR
M240330007000,SR
M240330006300,SR
M240330007600,SR
M240330005800,SR
M240330005900,SR
M240330006200,SR
M240330006600,SR
M240330006500,SR
M240330006100,SR
M240310001600,SR
M240330005700,SR
M240310001600,SR
M240310001700,SR
M240310008200,SR
M240310000700,SR
M240310001300,SR
M240310001400,SR
M240310001200,SR
M240310001000,SR
M240310003000,SR
M240310007900,SR
M240310007800,SR
M240310007700,SR
M240310007600,SR
M240310007500,SR
M240310007400,SR
M240310002400,SR
M240310007300,SR
M240310007200,SR
M240310007100,SR
M240310006900,SR
M240310006800,SR
M240310003201,SR
M240310006500,SR
M240310002400,SR
M240310001800,SR
M240310001900,SR
M240310002000,SR
M240310002100,SR
M240310002200,SR
M240310002300,SR
M240310002500,SR
M240310002600,SR
M240310002700,SR
M240310002800,SR
M240310002900,SR
M240310003100,SR
M240310008100,SR
M240310008000,SR
M240310007900,SR
M240310007800,SR
M240310007700,SR
M240310007600,SR
M240310007500,SR
M240310007400,SR
M240310002400,SR
M240310007300,SR
M240310007200,SR
M240310007100,SR
M240310006900,SR
M240310007000,SR
M240310006600,SR
M240310006700,SR
M240310006800,SR
M240310003200,SR
M240310003300,SR
M240310003201,SR
M240310006500,SR
M240310000100,SR
M240310000601,SR
M240310000800,SR
M240310000600,SR
M240310003600,SR
M240310003700,SR
M240310003800,SR
M240310004000,SR
M240310004100,SR
M240310004200,SR
M240310004300,SR
M240310004400,SR
M240310004500,SR
M240310005500,SR
M240310006400,SR
M240310006300,SR
M240310003601,SR
M240310003701,SR
M240310006200,SR
M240310006100,SR
M240310006000,SR
M240310005900,SR
M240310005800,SR
M240310005700,SR
M240310005600,SR
M240310004600,SR
M240310004900,SU
M240310004700,SR
M240250006600,SR
M240250006700,SR
M240250006800,SR
M240250006900,SR
M240250007000,SR
M240250007100,SR
M240250001800,SR
M240310005300,SR
M240310005000,SU
M240310005400,SR
M240310005001,SU
M240310005001,SU
M240310005001,SU
M240310032805,SU
M240310032802,SU
M240310032700,SU
M240310032804,SU
M240310032803,SU
M240310000400,SR
M240310000200,SR
M240250001600,SR
M240250001200,SR
M240250001300,SR
M240250001100,SR
M240250001000,SR
M240250000900,SR
M240310003400,SR
M240310003500,SR
M240310006400,SR
M240310006300,SR
M240310003601,SR
M240310003701,SR
M240310006200,SR
M240310006100,SR
M240310006000,SR
M240310005900,SR
M240310005800,SR
M240310005700,SR
M240310005600,SR
M240310004600,SR
M240310004700,SR
M240310012100,SR
M240310011700,SR
M240310005000,SU
M240310005500,SR
M240310005100,SR
M240310005200,SR
M240310005400,SR
M240310005300,SR
M240250001800,SR
M240250001801,SR
M240250001802,SR
M240250001900,SR
M240250002000,SR
M240250002100,SR
M240250002200,SR
M240250002300,SR
M240250002400,SR
M240250007100,SR
M240250007000,SR
M240250006900,SR
M240250006800,SR
M240250006700,SR
M240250006600,SR
M240250006500,SR
M240250007200,SR
M240250007300,SR
M240250007400,SR
M240250007500,SR
M240250007600,SR
M240250007700,SR
M240250007800,SR
M240250007900,SR
M240110009100,CB
M240110009200,CB
M240120013600,DE
M240120013400,DE
M240110017501,DE
M240110021300,CB
M240110017501,CB
M240110017500,I
M240110021300,I
M240110021200,I
M240110021300,I
M240120008500,DE
M240110017200,AR
M240110017300,AR
M240110017400,AR
M240110017000,AR
M240110017100,AR
M240110009500,I
M240110009300,AR
M240110017700,UR
M240110017700,I
M240110016900,I
M240110016800,I
M240110016700,I
M240110009700,I
M240110009600,I
M240110009800,I
M240110009900,I
M240110010000,I
M240110021100,UR
M240110021000,UR
M240110020900,UR
M240110020800,UR
M240110020700,UR
M240110020600,UR
M240110017800,UR
M240110017900,UR
M240110018000,UR
M240110016500,UR
M240110016600,UR
M240110016300,UR
M240110016400,UR
M240110010100,UR
M240110010200,UR
M240110010300,UR
M240110010400,UR
M240120009400,DE
M240120009300,DE
M240120009200,DE
M240120009000,DE
M240120009100,DE
M240120007000,DE
M240120006900,DE
M240120007100,DE
M240120007400,DE
M240120007300,DE
M240120007200,DE
M240120009700,UR
M240120009701,UR
M240120009600,DE
M240120009500,DE
M240120006400,UR
M240120006500,UR
M240120006800,DE
M240120006600,UR
M240120006700,DE
M240120004000,UR
M240050008800,UR
M240050008700,UR
M240050003900,UR
M240050003800,UR
M240050008600,UR
M240050008500,UR
M240050004000,UR
M240050004100,UR
M240050004200,UR
M240050004300,UR
M240230028801,UR
M240230028401,UR
M240220004600,CB
M240230024300,UR
M240230024700,UR
M240230029000,UR
M240230028800,CB
M240230028700,UR
M240230028600,CB
M240230028500,CB
M240230024900,UR
M240230028400,UR
M240230028300,UR
M240230028200,UR
M240230028100,UR
M240230028000,UR
M240230027900,UR
M240220004700,CB
M240220004800,CB
M240220005100,CB
M240220005000,CB
M240220005300,CB
M240220005200,CB
M240220005400,CB
M240220005500,CB
M240220005600,CB
M240220005700,CB
M240220005800,CB
M240220005900,CB
M240220006000,CB
M240220006100,CB
M240220006200,CB
M240220006300,CB
M240090010200,UR
M240090005400,UR
M240090010100,UR
M240090010000,UR
M240090005500,UR
M240090005501,UR
M240090005300,UR
M240090000100,UR
M240090005200,UR
M240090005100,UR
M240090000200,UR
M240060007000,UR
M240060006900,UR
M240300000500,UR
M240300000600,UR
M240300000700,UR
M240300001500,SR
M240300001700,UR
M240300001600,SR
M240300001600,SR
M240300001600,SR
M240300001800,CB
M240300001600,SR
M240300002400,SR
M240300002500,SR
M240300002600,SR
M240300002700,UR
M240300002800,UR
M240300002900,UR
M240300003000,SU
M240300004200,SR
M240300004100,SR
M240300004000,SR
M240300003900,SR
M240300003800,SR
M240300003700,UR
M240300003600,UR
M240300003500,UR
M240310032000,SR
M240310031900,SR
M240310031800,SR
M240310031700,SR
M240310031700,UR
M240310031700,UR
M240310031900,SR
M240310031800,SR
M240310031700,SR
M240300000200,UR
M240300000300,UR
M240300000400,UR
M240300001300,UR
M240300001200,UR
M240300001100,UR
M240300001000,UR
M240300000900,UR
M240300000800,UR
M240300006900,SR
M240300002300,UR
M240300002200,UR
M240300001900,UR
M240300002100,UR
M240300002000,UR
M240300003400,UR
M240300003300,UR
M240300003200,UR
M240300003100,UR
M240110009000,CB
M240110000200,CB
M240110000100,CB
M240110008900,CB
M240110000300,I
M240110000301,I
M240110008800,I
M240110000400,I
M240080008900,UR
M240110008700,I
M240110000500,I
M240270002200,UR
M240270002300,UR
M240270002400,UR
M240270002500,UR
M240270006200,UR
M240270002600,UR
M240270002700,UR
M240270006100,UR
M240280003100,I
M240270005600,UR
M240270002801,UR
M240270006300,CB
M240270002800,UR
M240270006000,UR
M240270005900,UR
M240270005800,UR
M240270005801,UR
M240270005700,UR
M240270002900,UR
M240270003000,UR
M240270003100,UR
M240270003200,UR
M240270003300,UR
M240270003400,UR
M240270003500,UR
M240280003000,I
M240280002900,I
M240280002800,I
M240280002600,I
M240280002700,I
M240280003200,UR
M240280005100,UR
M240280005200,UR
M240280005300,UR
M240280005200,UR
M240050003200,UR
M240050000301,UR
M240060001300,UR
M240050000100,UR
M240050000200,UR
M240050000300,UR
M240230012600,UR
M240230012700,UR
M240230012800,UR
M240230019600,UR
M240230019200,UR
M240230019300,UR
M240230019400,UR
M240230019500,UR
M240230026700,UR
M240120017000,UR
M240120017100,UR
M240120016900,UR
M240220012300,DE
M240220011900,DE
M240220012000,DE
M240220012100,DE
M240220012400,DE
M240220012200,DE
M240220012501,DE
M240220011800,DE
M240040001500,SR
M240040001400,SR
M240040001300,SR
M240040001200,SR
M240040001101,SR
M240040001000,SR
M240040000900,SR
M240040001100,SR
M240060000100,UR
M240060000200,UR
M240060002800,UR
M240060002800,UR
M240060002800,UR
M240060000200,UR
M240060002800,UR
M240060000200,UR
M240290008400,CB
M240290012603,CB
M240290012602,CB
M240290008000,CB
M240290008100,CB
M240290008101,CB
M240290008200,CB
M240290008300,CB
M240290007900,CB
M240290007800,CB
M240290007700,CB
M240290007600,CB
M240290007500,CB
M240290007400,CB
M240290008400,CB
M240290008500,CB
M240290008600,CB
M240290008800,CB
M240290008700,CB
M240290008900,CB
M240290008901,CB
M240290006800,CB
M240290007000,CB
M240050000601,UR
M240050000701,UR
M240050002900,UR
M240050002700,UR
M240050000700,UR
M240050000600,UR
M240320000907,I
M240320000901,I
M240320000900,I
M240320000901,I
M240320000900,I
M240320000906,I
M240320000900,I
M240330001200,RC
M240330001100,RC
M240330001300,RC
M240330001500,RC
M240330001400,RC
M240330001600,RC
M240320000903,I
M240330001000,RC
M240330001001,RC
M240330000900,RC
M240330000700,RC
M240330000500,RC
M240330000601,RC
M240330012500,RC
M240330012600,RC
M240330000100,RC
M240330000600,RC
M240330000400,RC
M240330013000,RC
M240330013100,RC
M240320001202,I
M240320001200,I
M240320003000,SR
M240320002200,SR
M240320002100,SR
M240320002900,SR
M240320002000,SR
M240320001201,I
M240320001200,I
M240330010100,SR
M240330010400,SR
M240330010200,SR
M240330010300,SR
M240330004300,SR
M240330004400,SR
M240330004500,SR
M240330004009,SR
M240330004010,SR
M240330004412,SR
M240330004411,SR
M240330004005,SR
M240330004200,SR
M240330004100,SR
M240330004101,SR
M240330004004,SR
M240330005100,SR
M240310032100,SR
M240310021900,SR
M240310021800,SR
M240310032200,SR
M240330010500,SR
M240330010600,SR
M240330010700,SR
M240330005000,SR
M240330004800,SR
M240330004900,SR
M240330004700,SR
M240330004600,SR
M240330004008,SR
M240330004007,SR
M240330004006,SR
M240300000100,SR
M240310032100,SR
M240300000100,SR
M240330005500,SR
M240330009801,SR
M240330009800,SR
M240330009900,SR
M240330010000,SR
M240330005300,SR
M240070100600,SR
M240070100500,SR
M240070100400,SR
M240120002000,DE
M240330003402,SR
M240330003401,SR
M240330010902,SR
M240330003800,SR
M240330003601,SR
M240330003900,SR
M240330003600,RC
M240330003500,RC
M240330003400,RC
M240330004003,SR
M240330004002,SR
M240330004001,SR
M240230029701,UR
M240330006100,SR
M240330007300,SR
M240330007100,SR
M240330007800,SR
M240330007700,SR
M240330007801,SR
M240310001600,SR
M240310008200,SR
M240330009700,SR
M240330005600,SR
M240330009500,SR
M240330009600,SR
M240310008300,SR
M240310008400,SR
M240310008500,SR
M240310016600,SR
M240310016500,SR
M240310016400,SR
M240280004700,UR
M240180001301,UR
M240330007400,SR
M240330008000,SR
M240330007900,SR
J180040002000,SR
M240300019201,UR
M240270002003,SR
M240270002003,SR
M240270006501,I
M240270007900,SR
M240280014600,SR
M240270006900,SR
M240270006700,SR
M240320000700,SU
M240270006400,SU
M240270006500,I
M240270005500,UR
M240270005400,UR
M240270005300,UR
M240270005200,UR
M240270005100,UR
M240270005000,UR
M240270004900,UR
M240270004800,UR
M240270004700,UR
M240270004600,UR
M240270003600,UR
M240270003700,UR
M240270003800,UR
M240270003900,UR
M240270004000,UR
M240270004100,UR
M240270004200,UR
M240270004300,UR
M240270004400,UR
M240270004500,UR
M240270007500,CB
M240270007400,CB
M240270007300,CB
M240270007200,CB
M240270007600,CB
M240270007700,SR
M240270007800,SR
M240270007900,SR
J180020021102,SR
M240050000701,UR
M240050002600,UR
M240050000800,UR
M240050002500,UR
M240050001000,UR
M240050000900,UR
M240310022001,SR
M240310021901,SR
M240330005501,SR
M240330006000,SR
M240330005400,SR
M240330005200,SR
M240310016700,SR
M240310016800,SR
M240310016900,SR
M240310016701,SR
M240310016800,SR
M240310016900,SR
M240310022000,SR
M240310021801,SR
M240310021800,SR
M240310021900,SR
M240310022000,SR
M240310017100,SR
M240310017000,SR
M240310021700,SR
M240310022100,SR
M240310027700,SR
M240300001400,SR
M240310032100,SR
M240330003006,RC
M240330003005,RC
M240330003200,RC
M240330003000,RC
M240330003003,RC
M240330003002,RC
M240330003004,RC
M240330003001,RC
M240070101300,SR
M240070101800,SR
M240070101900,SR
M240070101100,SR
M240070101000,SR
M240070100900,SR
M240070100800,SR
M240070100700,SR
M240310008100,SR
M240310008000,SR
M240310032000,SR
M240310008600,SR
M240310008700,SR
M240310008900,SR
M240310008800,SR
M240310009100,SR
M240310009300,SR
M240310009200,SR
M240310009400,SR
M240310009500,SR
M240310009600,SR
M240310009700,SR
M240310009800,SR
M240310009900,SR
M240310010000,SR
M240310010200,SR
M240310010100,SR
M240310010300,SR
M240310010400,SR
M240310010500,SR
M240310010600,SR
M240310010700,SR
M240310016300,SR
M240310016200,SR
M240310016100,SR
M240310015000,SR
M240310014900,SR
M240310014800,SR
M240310014700,SR
M240310014500,SR
M240310014200,SR
M240310014100,SU
M240310014000,SU
M240310014300,SR
M240310014400,SR
M240310014600,SR
M240310017600,SR
M240310017500,SR
M240310017400,SR
M240310017300,SR
M240310017200,SR
M240310014600,SR
M240310017700,SR
M240310014400,SR
M240310014300,SR
M240310017800,SR
M240310017900,SU
M240310018000,SU
M240310017100,SR
M240310017200,SR
M240310017300,SR
M240310017400,SR
M240310017500,SR
M240310017600,SR
M240310021600,SR
M240310021500,SR
M240310021400,SR
M240310021300,SR
M240310021200,SR
M240310021100,SU
M240310021000,SU
M240310022200,SR
M240310022300,SR
M240310022400,SR
M240310022500,SR
M240310022600,SR
M240310022700,SR
M240310022800,SR
M240310022900,SR
M240310023000,SR
M240310023100,SR
M240310023200,SR
M240310023300,SR
M240310023400,SR
M240310026900,SR
M240310026800,SR
M240310026700,SR
M240310026600,SR
M240310026500,SR
M240310026300,SR
M240310026400,SR
M240310027000,SR
M240310027100,SR
M240310027200,SR
M240310027300,SR
M240310027400,SR
M240310027500,SR
M240310027600,SR
M240310027700,SR
M240310027600,SR
M240310027500,SR
M240310027400,SR
M240310027300,SR
M240310027200,SR
M240310027100,SR
M240310027000,SR
M240310027800,SR
M240310027900,SR
M240310028000,SR
M240310028001,SR
M240310028100,SR
M240310028200,SR
M240310028300,SR
M240310031600,SR
M240310031500,SR
M240310031400,SR
M240310031300,SR
M240310031200,SR
M240310031000,SR
M240310031100,SR
M240310031900,SR
M240310031800,SR
M240310031700,SR
M240310031700,SR
M240310010800,SR
M240310010900,SR
M240310010800,SR
M240310018100,SR
M240310020900,SR
M240310023500,SR
M240330002000,RC
M240330002300,RC
M240330001900,RC
M240330002400,I
M240330002500,CB
M240330002600,CB
M240330002700,CB
M240330002900,CB
M240300018201,UR
M240290002901,CB
M240330002100,RC
M240330002200,RC
M240330010903,SR
M240300010201,UR
M240210003001,UR
M240230008800,I
M240230009000,UR
M240230015800,UR
M240230023401,UR
M240230023200,UR
M240230022900,UR
M240230023500,UR
M240230023600,UR
M240230030200,UR
M240230000100,I
M240300024700,UR
M240300024600,UR
M240300024500,UR
M240300024400,CB
M240300024200,UR
M240300024100,UR
M240230023401,UR
M240300008500,I
M240300008500,SU
M240300009700,UR
M240300009800,UR
M240300009900,UR
M240300010000,UR
M240300018500,SU
M240310010301,UR
M240300010101,UR
M240300010100,UR
M240300010200,UR
M240300010300,UR
M240300010400,UR
M240300010500,UR
M240300010800,UR
M240300010600,UR
M240300010700,UR
M240300015401,UR
M240300018300,UR
M240300018400,UR
M240300015400,UR
M240300015500,CB
M240300010900,UR
M240300011000,UR
M240300011100,UR
M240300011200,UR
M240300011901,CB
M240300011700,CB
M240300011800,CB
M240300011600,CB
M240300011500,CB
M240300011400,CB
M240300011300,CB
M240300008700,I
M240300008800,I
M240300009000,I
M240300009400,I
M240300009500,I
M240300009600,I
M240300009300,I
M240300009200,I
M240300009100,I
M240300013300,UR
M240300013200,UR
M240300013100,UR
M240300013000,UR
M240300012900,UR
M240300013400,UR
M240300013500,UR
M240300013600,UR
M240300013800,UR
M240300013700,UR
M240300012800,UR
M240300012700,UR
M240300012600,UR
M240300012500,UR
M240300012400,UR
M240300012300,UR
M240300013900,UR
M240300014000,UR
M240300014100,UR
M240300014400,UR
M240300014300,UR
M240300014200,UR
M240300012200,UR
M240300012100,UR
M240300014500,UR
M240300014600,UR
M240300014700,UR
M240300014800,UR
M240300014900,UR
M240300015000,UR
M240300012000,CB
M240300015300,CB
M240300015200,CB
M240300015100,CB
M240230008800,I
M240230008700,I
M240230008600,I
M240230008500,I
M240230008400,I
M240230008900,UR
M240230009000,UR
M240230009100,UR
M240230009200,UR
M240230009300,UR
M240230009400,UR
M240230015800,UR
M240230015700,UR
M240230015600,UR
M240230023100,UR
M240230023200,UR
M240230023300,UR
M240230023400,UR
M240230023000,UR
M240230022900,UR
M240230022800,UR
M240230022700,UR
M240230023500,UR
M240230023600,UR
M240230025001,UR
M240230025002,UR
M240230023700,UR
M240230030200,UR
M240230030100,UR
M240250000400,SR
M240250000400,SR
M240250004600,SR
M240250004500,SR
M240250004700,SR
M240250004800,SR
M240250004900,SR
M240250005000,SR
M240250004400,SR
M240250004300,SR
M240250004200,SR
M240250004100,SR
M240250004000,SR
M240250003900,SR
M240250003800,SR
M240250003700,SR
M240250003600,SR
M240250010601,SR
M240250003900,SR
M240250000300,SR
M240250000100,SR
M240250009400,SR
M240240002300,SR
M240250009500,SR
M240250009600,SR
M240240002200,SR
M240250009400,SR
M240240002300,SR
M240250009500,SR
M240250009600,SR
M240250005000,SR
M240250004900,SR
M240250004800,SR
M240250004700,SR
M240250004600,SR
M240250004500,SR
M240250004400,SR
M240250004300,SR
M240250004200,SR
M240250004100,SR
M240250004000,SR
M240250003800,SR
M240250003700,SR
M240250003600,SR
M240250003601,SR
M240250010300,SR
M240250010200,SR
M240250010100,SR
M240250010000,SR
M240250009900,SR
M240250009800,SR
M240250009700,SR
M240250009700,SR
M240250009800,SR
M240250009900,SR
M240250010000,SR
M240250010100,SR
M240250010200,SR
M240250010300,SR
M240250010600,SR
M240250010600,SR
M240250010400,SR
M240250010400,SR
M240250010500,SR
M240250010500,SR
M240230006001,UR
M240020004101,SR
M240120014100,DE
M240120014500,DE
M240120014200,DE
M240120013700,DE
M240120014000,DE
M240120013900,DE
M240120013000,DE
M240120013100,DE
M240120013200,DE
M240120013201,DE
M240120013300,DE
M240120013500,DE
M240210000102,CB
M240210003001,I
M240220009900,DE
M240220009600,DE
M240220009700,DE
M240220012500,I
M240210000101,CB
M240210000100,CB
M240210001300,CB
M240120014300,DE
M240120014400,DE
M240120013800,DE
M240050003300,UR
M240020000100,SR
M240060004400,UR
M240060001600,UR
M240060001601,UR
M240060001500,UR
M240060001200,UR
M240060004500,UR
M240060004700,UR
M240060004600,UR
M240060001400,UR
M240050003600,UR
M240050003500,UR
M240050003400,UR
M240050003100,UR
M240020006800,SR
M240020006900,SR
M240020106901,SR
M240020106902,SR
M240020106903,SR
M240020106904,SR
M240020106905,SR
M240020007000,SR
M240020007400,SR
M240020007100,SR
M240020006700,SR
M240020006600,SR
M240020005603,SR
M240020006500,SR
M240020008900,SR
M240020008800,SR
M240020008700,SR
M240020008600,SR
M240020008500,SU
M240020007200,SR
M240020007300,SR
M240020007401,SR
M240020007500,SR
M240020007600,SR
M240020007700,SR
M240020008200,SR
M240020010900,SU
M240020009700,SR
M240020009600,SR
M240020009500,SR
M240020009400,SR
M240020009300,SR
M240020009200,SR
M240020009100,SR
M240020009001,SR
M240020009000,SR
M240020011000,SU
M240330013300,RC
M240240003300,SR
M240240003300,SR
M240270000900,CB
M240200003101,UR
M240240005101,SR
M240250017001,SR
M240020001602,SR
M240330002800,CB
M240300006501,CB
M240290005601,CB
M240230026001,UR
M240230025601,UR
M240230014901,UR
M240200000201,UR
M240190001102,UR
M240110020001,UR
M240080001002,UR
M240050002901,UR
M240040200301,SR
M240020012103,SR
M240040201402,SR
M240020012102,SR
M240320100801,SR
M240320101900,SR
M240320101800,SR
M240320101700,SR
M240320101600,SR
M240320101500,SR
M240320101300,SR
M240320101400,SR
M240320100800,SR
M240320100700,SR
M240320100900,SR
M240320101000,SR
M240320101100,SR
M240320101200,SR
M240320100100,SR
M240320100200,SR
M240320102600,SR
M240320100300,SR
M240320102700,SR
M240320100400,SR
M240320102800,SR
M240320100500,SR
M240320100600,SR
M240320102500,SR
M240320102400,SR
M240320102300,SR
M240320102200,SR
M240320102100,SR
M240320102000,SR
M240020005605,SU
M240040005101,SR
M240020001801,SU
M240210009401,UR
M240010100401,SU
M240330009301,SR
M240330009403,SR
M240330009402,SR
M240070101300,SR
M240070101400,SR
M240070101500,SR
M240070101600,SR
M240070101700,SR
M240070102100,SR
M240070102200,SR
M240070102200,SR
M240070100300,SR
M240070100200,SR
M240070100100,SR
M240290012601,CB
M240090007301,UR
M240250012301,SR
M240290012400,CB
M240310033500,I
M240040001800,SR
M240040006100,SR
M240040005900,SR
M240270000900,SR
M240250005100,SR
M240250005200,SR
M240250005300,SR
M240250005400,SR
M240250005500,SR
M240250005600,SR
M240250005700,SR
M240250005800,SR
M240250005900,SR
M240250006000,SR
M240250006100,SR
M240250006200,SR
M240250006300,SR
M240250006400,SR
M240250006500,SR
M240310033000,SU
M240310034000,I
M240310033600,I
M240310033700,I
M240230000300,I
M240290010500,CB
M240290012300,CB
M240290012500,CB
M240280000201,M*
M240280000300,UR
M240280004400,UR
M240280004500,UR
M240280006400,UR
M240280006500,UR
M240280007700,UR
M240280007800,UR
M240280009600,UR
M240280009700,UR
M240280012900,UR
M240280013100,AR
M240280013200,AR
M240020002000,SU
M240020006300,SU
M240040006400,SR
M240020012300,SR
M240020012300,SR
M240320001000,SU
M240230000200,I
M240300024900,UR
M240270008400,SU
M240270008300,SU
M240270006600,SR
M240280014300,SR
M240270007000,SR
M240280014500,SR
M240290012700,CB
M240290012600,CB
M240280003400,UR
M240330003300,RC
M240320000800,SR
M240320001300,SU
M240320002800,SR
M240320002700,SR
M240320001900,SR
M240320001800,SR
M240320002600,SR
M240320002500,SR
M240320002400,SR
M240320002300,SU
M240320001700,SR
M240320001600,SR
M240320001500,SR
M240320001400,SU
M240330003100,RC
M240320000600,RC
M240320001000,SU
M240330012201,SR
M240330012200,SR
M240330011201,SR
M240330011302,SR
M240330011401,SR
M240330011200,SR
M240330010800,SR
M240330010900,SR
M240330011301,SR
M240330010901,SR
M240330011000,SR
M240330011100,SR
M240330011500,SR
M240330011600,SR
M240330011700,SR
M240330011800,SR
M240330011900,SR
M240330012100,SR
M240330012000,SR
M240310024701,SR
M240310029600,I
M240310024901,SR
M240310024900,SR
M240310024800,SR
M240310032400,I
M240310025000,SR
M240310029700,SR
M240310032801,SU
M240310032600,SU
M240310032800,SU
M240310032500,I
M240310032300,I
M240300023900,UR
M240300024401,CB
M240020000400,SR
M240020000500,SR
M240020000600,SR
M240020000900,SR
M240020000700,SR
M240020000800,SR
M240020002600,SR
M240020002500,SR
M240020002400,SR
M240210008900,UR
M240210008800,UR
M240210008700,UR
M240210008600,UR
M240210008500,UR
M240210008400,UR
M240210008300,UR
M240210008200,UR
M240210008100,UR
M240210008000,UR
M240210007500,UR
M240210007800,UR
M240210007900,UR
M240210007701,UR
M240210007700,UR
M240210007600,UR
M240210007400,UR
M240210007300,UR
M240210007200,UR
M240210007100,UR
M240210007000,UR
M240210006900,UR
M240210006800,UR
M240210006700,UR
M240210006600,UR
M240210005900,UR
M240210005800,UR
M240210006000,UR
M240210006100,UR
M240210006200,UR
M240210006300,UR
M240210006400,UR
M240210006500,UR
M240210005700,UR
M240210005600,UR
M240210005500,UR
M240210005400,UR
M240210005300,UR
M240210005200,UR
M240210005100,UR
M240200001200,UR
M240200001300,UR
M240200001400,UR
M240200001500,UR
M240200001600,UR
M240200001700,UR
M240200001900,UR
M240200002000,UR
M240200002100,UR
M240200001800,UR
M240200002200,UR
M240200002300,UR
M240200002400,UR
M240200002500,UR
M240200002700,UR
M240200002900,UR
M240200002600,UR
M240200003000,UR
M240200003100,UR
M240200003200,UR
M240200003300,UR
M240200003400,UR
M240200003500,UR
M240200003600,UR
M240200003700,UR
M240200003800,UR
M240200004000,UR
M240200003900,UR
M240200004200,UR
M240200004100,UR
M240200009500,UR
M240210005000,AR
M240200004300,UR
M240200004400,UR
M240200004500,UR
M240200004600,UR
M240200004700,UR
M240200004800,UR
M240200004901,UR
M240200004900,UR
M240200010100,UR
M240200010200,UR
M240200010300,UR
M240200010400,UR
M240200009600,UR
M240200009700,UR
M240200009800,UR
M240200009900,UR
M240200010000,UR
M240310033000,SR
M240310033100,SR
M240310032900,SR
M240310034000,I
M240100001400,SU
M240100001300,SR
M240100000700,SR
M240100000600,SR
M240100000100,SR
M240100000200,SR
M240100000300,SR
M240100000400,SR
M240100000500,SR
M240100000900,SR
M240100001000,SR
M240100001200,SR
M240100001301,SU
M240100001500,SU
M240100001600,SU
M240100002200,SR
M240100002000,SR
M240100001900,SR
M240040000800,SR
M240040000700,SR
M240040000500,SR
M240040000400,SR
M240040000300,SR
M240040000200,SR
M240040000201,SR
M240040000100,SR
M240040001600,SR
M240040001700,SR
M240040001800,SR
M240270000701,UR
M240330008900,SR
M240330008800,SR
M240330008700,SR
M240330008601,SR
M240330008600,SR
M240330008400,SR
M240330008500,SR
M240330008300,SR
M240330009401,SR
M240330009400,SR
M240330008100,SR
M240330008200,SR
M240330012300,SR
M240330012700,RC
M240330012400,SR
M240330012800,SR
M240330012801,SR
M240330013001,RC
M240330013400,SU
M240330013200,RC
M240330013500,SU
M240330013201,SU
M240330013600,SU
M240330012900,SR
M240330012901,SR
M240330012902,SR
M240010100400,SU
M240010100300,SU
M240010100200,SR
M240330009100,SR
M240330009201,SR
M240330009200,SR
M240330009300,SR
M240330009000,SR
M240100002400,SU
M240100001700,SU
M240100002300,SU
M240020003200,SR
M240020003100,SR
M240020003300,SU
M240020003400,SU
M240020003900,SR
M240020004100,SR
M240020004000,SR
M240020004200,SR
M240020004300,SR
M240020004400,SR
M240020010700,SR
M240020012101,SR
M240020011700,SR
M240020011500,SR
M240020011600,SR
M240020011200,SU
M240020011400,SU
M240020011900,SU
M240020011300,SU
M240020011800,SU
M240020011200,SU
M240040006400,SR
M240020001600,SU
M240020005900,SU
M240020005600,SU
M240020003600,SR
M240020005300,SR
M240020012300,SR
M240040201300,SR
M240020010600,CB
M240020010500,CB
M240020001400,AR
M240020001401,AR
M240020010400,SU
M240040101400,SR
M240040101300,SR
M240040101200,SR
M240040001900,SR
M240020001300,SR
M240020001000,SR
M240020001200,SR
M240020001100,SR
M240020001500,SR
M240020001900,SU
M240020001700,SU
M240020005800,SU
M240020002100,SR
M240020002200,SR
M240020002700,SR
M240020002000,SU
M240020002300,SU
M240020002701,SU
M240020002800,SU
M240020002801,SU
M240020001800,SU
M240020005601,SU
M240020006200,SU
M240020006300,SU
M240020005604,SR
M240020005701,SR
M240020006000,SR
M240020006400,SR
M240020004800,SR
M240020004900,SR
M240020004700,SR
M240020005000,SR
M240020005500,SR
M240020006100,AR
M240020005700,SU
M240020005200,SR
M240020005100,SR
M240020005602,SR
M240020008400,SU
M240020007800,SR
M240020008100,SR
M240020008000,SR
M240020007801,SR
M240020008300,SR
M240020007900,SR
M240020010800,SU
M240020010300,SR
M240020010201,SR
M240020010202,SR
M240020010100,SR
M240020010200,SR
M240020010000,SR
M240020009900,SR
M240020009800,SR
M240020011100,SU
M240310024700,SR
M240080011500,UR
M240080011400,UR
M240080011300,UR
M240050008900,UR
M240240011600,UR
M240250002900,SR
M240040101100,SR
M240040101000,SR
M240040100900,SR
M240020012003,SR
M240020012004,SR
M240020012002,SR
M240040101500,SR
M240040101600,SR
M240040101700,SR
M240040101900,SR
M240040101901,SR
M240040101800,SR
M240040102000,SR
M240040006100,SR
M240040006200,SR
M240040006400,SR
M240040100100,SR
M240040100700,SR
M240040100800,SR
M240040100600,SR
M240040100500,SR
M240040100400,SR
M240040100300,SR
M240040100200,SR
M240040005900,SR
M240040005900,SR
M240040005900,SR
M240040005800,SR
M240040005700,SR
M240040005500,SR
M240040005400,SR
M240040005100,SR
M240040004900,SR
M240040004800,SR
M240040004600,SR
M240040004500,SR
M240040005000,SR
M240040004700,SR
M240040005300,SR
M240040005200,SR
M240040004400,SR
M240040007700,SR
M240040007800,SR
M240040006300,SR
M240040006403,SR
M240040006401,SR
M240040006500,SR
M240040006600,SR
M240040006700,SR
M240040007000,SR
M240040002300,SR
M240040007200,SR
M240040007600,SR
M240040007300,SR
M240040007400,SR
M240040007500,SR
M240020212106,SR
M240020212105,SR
M240020212107,SR
M240020212108,SR
M240020212104,SR
M240020212103,SR
M240020212102,SR
M240020212101,SR
M240040200500,SR
M240040200400,SR
M240040200300,SR
M240040200200,SR
M240040200100,SR
M240040200600,SR
M240040200700,SR
M240040200800,SR
M240040200900,SR
M240040201000,SR
M240040201101,SR
M240040201100,SR
M240040201201,SR
M240040201200,SR
M240040201401,SR
M240040007900,SR
M240040004300,SR
M240040002100,SR
M240040004100,SR
M240040004200,SR
M240040004200,SR
M240040003200,SR
M240040004100,SR
M240040004000,SR
M240040003900,SR
M240040003800,SR
M240040003700,SR
M240040003601,SR
M240040003600,SR
M240040003500,SR
M240040003400,SR
M240040003000,SR
M240040002900,SR
M240040003100,SR
M240040002400,SR
M240040002500,SR
M240040002600,SR
M240040002700,SR
M240040002800,SR
M240040002101,SR
M240040002200,SR
M240040007100,SR
M240040002000,SR
M240040002100,SR
M240040008000,SR
M240040008100,SR
M240040008200,SR
M240040008300,SR
M240040008400,SR
M240040008500,SR
M240040008600,SR
M240040008700,SR
M240040008800,SR
M240040009100,SR
M240040008900,SR
M240040009000,SR
M240040009200,SR
M240040009300,SR
M240040009400,SR
M240040009500,SR
M240040009600,SR
M240040009701,SR
M240040009702,SR
M240040009700,SR
M240040009800,SR
M240040201700,SR
M240040201600,SR
M240040201500,SR
M240040201400,SR
M240040009900,SR
M240250001400,SR
M240250000800,SR
M240250000700,SR
M240250000600,SR
M240250000500,SR
M240250000200,SR
M240250000201,SR
M240290009101,CB
M240290009200,CB
M240290009300,CB
M240290009100,CB
M240290011400,CB
M240290011300,CB
M240290009400,CB
M240290009500,CB
M240290009600,CB
M240290009601,CB
M240290009700,CB
M240290009800,CB
M240290009900,CB
M240290010000,CB
M240290010100,CB
M240290010200,CB
M240290010300,CB
M240290010400,CB
M240290011200,CB
M240290011201,CB
M240290011100,CB
M240290011000,CB
M240290010900,CB
M240290010800,CB
M240290010700,CB
M240290010600,CB
M240290010500,CB
M240290009000,CB
M240290011500,CB
M240290011600,CB
M240290011700,CB
M240290011800,CB
M240290011900,CB
M240290012000,CB
M240290012200,CB
M240290012101,CB
M240290012401,CB
M240290012402,CB
M240290012100,CB
M240290012300,CB
M240290012400,CB
M240290012500,CB
M240280001000,I
M240280000200,M*
M240280000100,I
M240280000200,M*
M240280002500,I
M240280002400,I
M240280002300,I
M240280002200,I
M240280002100,I
M240280002000,I
M240280001900,I
M240280001800,I
M240280001700,I
M240280001600,I
M240280001500,I
M240280001400,I
M240280001300,I
M240280001000,UR
M240280000900,UR
M240280000800,UR
M240280000700,UR
M240280000600,UR
M240280000500,UR
M240280000400,UR
M240280000300,UR
M240280008200,UR
M240280007400,UR
M240280007200,UR
M240280007300,UR
M240280007400,UR
M240280007200,UR
M240280008300,UR
M240280008200,UR
M240280014200,UR
M240280014400,UR
M240280008400,UR
M240280008500,UR
M240280011600,UR
M240280011500,UR
M240280011400,UR
M240280011300,UR
M240280011200,UR
M240270000900,CB
M240280013800,AR
M240270000401,AR
M240180007100,UR
M240280011700,UR
M240280011800,UR
M240280011900,UR
M240280012000,UR
M240280012100,UR
M240280014100,AR
M240280014000,AR
M240280013900,AR
M240280006901,UR
M240280007500,UR
M240280007600,UR
M240280007700,UR
M240280008000,UR
M240280007900,UR
M240280007800,UR
M240280010600,UR
M240280008600,UR
M240280008700,UR
M240280008800,UR
M240280008900,UR
M240280009000,UR
M240280009100,UR
M240280009200,UR
M240280009300,UR
M240280009400,UR
M240280009500,UR
M240280009600,UR
M240280011100,UR
M240280011000,UR
M240280010900,UR
M240280010800,UR
M240280010700,UR
M240280010600,UR
M240280010500,UR
M240280010400,UR
M240280010300,UR
M240280010200,UR
M240280010100,UR
M240280010000,UR
M240280009900,UR
M240280009800,UR
M240280009700,UR
M240280013100,AR
M240280012800,UR
M240280012200,UR
M240280012300,UR
M240280012400,UR
M240280012500,UR
M240280012600,UR
M240280012700,UR
M240280012800,UR
M240280012900,UR
M240280013800,AR
M240280013600,AR
M240280013500,AR
M240280013400,AR
M240280013300,AR
M240280013200,AR
M240300004300,SR
M240300004302,SR
M240300004301,SR
M240300004400,SR
M240300004500,SR
M240300004600,UR
M240300004700,UR
M240300004800,UR
M240300004900,UR
M240300005000,UR
M240300005100,UR
M240300005200,UR
M240300006600,CB
M240300006500,CB
M240300006400,CB
M240300006300,CB
M240300006200,CB
M240300006100,CB
M240300006000,CB
M240300005900,CB
M240300005800,CB
M240300005700,CB
M240300005600,CB
M240310033800,I
M240300010001,I
M240310033900,I
M240300008400,UR
M240300022700,SU
M240300018500,SU
M240300011900,CB
M240300008900,I
M240310033600,I
M240310033500,I
M240310033700,I
M240310033400,I
M240310033300,I
M240310033200,I
M240240006700,SR
M240240006701,SR
M240240006800,SR
M240240006900,SR
M240240011501,SR
M240240011502,SR
M240240011500,SR
M240240011400,SR
M240240011300,SR
M240240011200,SR
M240240007000,SR
M240240011100,SR
M240240011000,SR
M240240010900,SR
M240240007200,SR
M240240007500,SR
M240240007100,SR
M240240007400,SR
M240240007300,SR
M240240010800,SR
M240240010700,SR
M240240010600,SR
M240240010500,SR
M240240010300,SR
M240240010400,SR
M240230000300,I
M240230000400,I
M240230000500,I
M240230000600,I
M240230000700,I
M240230000800,I
M240230000900,I
M240230001000,I
M240230008300,I
M240230008200,I
M240230009500,UR
M240230009600,UR
M240230015500,UR
M240230015400,UR
M240230015300,UR
M240230015900,UR
M240230016000,UR
M240230016100,UR
M240230022600,UR
M240230023800,UR
M240230023900,UR
M240230024000,UR
M240230030000,UR
M240230029900,UR
M240230029800,UR
M240230001100,UR
M240230001200,UR
M240230001300,UR
M240230001400,UR
M240230008100,UR
M240230008000,UR
M240230007900,UR
M240230001500,UR
M240230007700,UR
M240230007800,UR
M240230009700,UR
M240230009800,UR
M240230015200,UR
M240230015100,UR
M240230009900,UR
M240230010000,UR
M240230015000,UR
M240230016200,UR
M240230016300,UR
M240230022500,UR
M240230022400,UR
M240230016500,UR
M240230016400,UR
M240230016600,UR
M240230022200,UR
M240230022300,UR
M240230029600,UR
M240230024100,UR
M240230024100,UR
M240230029700,UR
M240230029600,UR
M240230024200,UR
M240230029500,CB
M240230029400,UR
M240230029300,UR
M240230029200,UR
M240230001600,UR
M240230001700,UR
M240230007600,UR
M240230007500,UR
M240230007400,UR
M240230001900,UR
M240230001800,UR
M240230007000,UR
M240230007300,UR
M240230007100,UR
M240230007200,UR
M240230010200,UR
M240230010100,UR
M240230014900,UR
M240230010300,UR
M240230010400,UR
M240230014700,UR
M240230014800,UR
M240230016700,UR
M240230016800,UR
M240230022100,UR
M240230022000,UR
M240230016900,UR
M240230017000,UR
M240230021700,UR
M240230021800,UR
M240230021900,UR
M240230024400,UR
M240230024500,UR
M240230029100,UR
M240230024600,UR
M240230002000,UR
M240230002100,UR
M240230006900,UR
M240230006800,UR
M240230002400,UR
M240230002300,UR
M240230002500,UR
M240230006400,UR
M240230006600,UR
M240230006700,UR
M240230010600,UR
M240230010501,UR
M240230010500,UR
M240230014600,UR
M240230010800,UR
M240230010900,UR
M240230014500,UR
M240230014400,UR
M240230017200,UR
M240230017300,UR
M240230017100,UR
M240230021600,UR
M240230021400,UR
M240230021500,UR
M240230017400,UR
M240230017500,UR
M240230021300,UR
M240230021200,UR
M240230025000,UR
M240230024800,UR
M240230025200,UR
M240230025100,UR
M240230025300,UR
M240240007600,SR
M240240007900,SR
M240240007800,SR
M240240007700,SR
M240240010100,SR
M240240009800,SR
M240240009900,SR
M240240009700,SR
M240240010200,SR
M240240010000,SR
M240240008000,SR
M240240008100,SR
M240240008200,SR
M240240008300,SR
M240240008400,SR
M240240008500,SR
M240240008600,SR
M240240008800,SR
M240240009500,SR
M240240009400,SR
M240240009600,SR
M240240009300,SR
M240240009200,SR
M240240009100,SR
M240240009000,SR
M240240008900,SR
M240230002700,UR
M240230002600,UR
M240230003000,UR
M240230002800,UR
M240230002900,UR
M240230006100,UR
M240230006000,UR
M240230003100,UR
M240230003200,UR
M240230003300,UR
M240230005800,UR
M240230005900,UR
M240230011100,UR
M240230011000,UR
M240230014300,UR
M240230014200,UR
M240230011200,UR
M240230011300,UR
M240230014100,UR
M240230014000,UR
M240230017700,UR
M240230017600,UR
M240230021100,UR
M240230021000,UR
M240230017800,UR
M240230017900,UR
M240230020800,UR
M240230020900,UR
M240230027800,UR
M240230003500,UR
M240230003400,UR
M240230005700,UR
M240230005600,UR
M240230003700,UR
M240230003600,UR
M240230005400,UR
M240230005500,UR
M240230005501,UR
M240230011600,UR
M240230011500,UR
M240230011400,UR
M240230013900,UR
M240230013800,UR
M240230011700,UR
M240230011800,UR
M240230013700,UR
M240230013600,UR
M240230013500,UR
M240230018000,UR
M240230018100,UR
M240230018200,UR
M240230018300,UR
M240230020700,UR
M240230020600,UR
M240230020500,UR
M240230020400,UR
M240230025600,UR
M240230025800,UR
M240230027700,UR
M240230027600,UR
M240230025900,UR
M240230027500,UR
M240230026000,UR
M240230027503,UR
M240230027404,UR
M240230026100,UR
M240230027502,UR
M240230026200,UR
M240230027402,UR
M240230027401,UR
M240230003900,UR
M240230003800,UR
M240230005300,UR
M240230005100,UR
M240230005200,UR
M240230004000,UR
M240230004100,UR
M240230005000,UR
M240230004900,UR
M240230012000,UR
M240230011900,UR
M240230013400,UR
M240230013300,UR
M240230012100,UR
M240230012200,UR
M240230013200,UR
M240230013100,UR
M240230004300,UR
M240230004200,UR
M240230004800,UR
M240230004700,UR
M240230004400,UR
M240230004500,UR
M240230004600,UR
M240230012300,UR
M240230013000,UR
M240230012900,UR
M240230012400,UR
M240230012500,UR
M240230018400,UR
M240230018500,UR
M240230018600,UR
M240230018700,UR
M240230018800,UR
M240230018900,UR
M240230019000,UR
M240230019100,UR
M240230020300,UR
M240230020200,UR
M240230020100,UR
M240230020000,UR
M240230019900,UR
M240230019800,UR
M240230019700,UR
M240230026401,DE
M240230026500,DE
M240230026400,DE
M240230026600,DE
M240230026800,UR
M240230026300,DE
M240230027400,DE
M240230027300,DE
M240230027200,DE
M240230027100,DE
M240230027000,DE
M240230026900,DE
M240220000800,CB
M240220000900,CB
M240220000700,CB
M240220000600,CB
M240220000500,CB
M240220000400,CB
M240220000300,CB
M240220000200,CB
M240220000100,CB
M240220001000,CB
M240220001100,CB
M240220001200,CB
M240220001300,CB
M240220001400,CB
M240220001500,CB
M240220001600,CB
M240220001700,CB
M240220003200,CB
M240220004100,CB
M240220004200,CB
M240220004300,CB
M240220004400,CB
M240220004000,CB
M240220003900,CB
M240220003800,CB
M240220003700,CB
M240220003600,CB
M240220003400,CB
M240220003500,CB
M240220003300,CB
M240220003200,CB
M240220004500,CB
M240220004600,CB
M240210010900,UR
M240210010800,UR
M240210010700,UR
M240210010600,UR
M240210010500,UR
M240210010400,UR
M240210010300,UR
M240210010200,UR
M240210010100,UR
M240210010000,UR
M240210009900,UR
M240210009700,UR
M240210009000,UR
M240210009100,UR
M240210009200,UR
M240210009300,UR
M240210009400,UR
M240210009500,UR
M240210009600,UR
M240210009800,UR
M240200000500,UR
M240200000400,UR
M240200000300,UR
M240200000200,UR
M240200000100,UR
M240200000700,UR
M240200000600,UR
M240200000800,UR
M240200000900,UR
M240200001000,UR
M240200001101,UR
M240200001102,UR
M240200001100,UR
M240200016500,UR
M240200016400,UR
M240200016300,UR
M240200016200,UR
M240200016100,UR
M240200016000,UR
M240200015900,UR
M240200015800,UR
M240200015700,UR
M240200015600,UR
M240200015500,UR
M240190000100,UR
M240190000200,UR
M240190000300,UR
M240190000400,UR
M240190000500,UR
M240190000600,UR
M240190000700,UR
M240190000800,UR
M240190008400,AR
M240190008300,UR
M240190008200,UR
M240190008100,UR
M240190008000,UR
M240190008001,UR
M240180007600,UR
M240180000100,UR
M240180000200,UR
M240180000300,UR
M240180000301,UR
M240180007900,AR
M240180007800,AR
M240180007700,UR
M240180007600,UR
M240180007500,UR
M240180007400,UR
M240180007300,UR
M240180007201,UR
M240180007200,UR
M240200015400,UR
M240200015300,UR
M240200015200,UR
M240200015100,UR
M240200015000,UR
M240200014900,UR
M240200014800,UR
M240200014700,UR
M240200014600,UR
M240200014500,UR
M240190000900,UR
M240190001000,UR
M240190001101,UR
M240190001100,UR
M240190001200,UR
M240190001300,UR
M240190001400,UR
M240190007900,UR
M240190007800,UR
M240190007700,UR
M240190007600,UR
M240190007500,UR
M240190007400,UR
M240190007300,UR
M240190007200,UR
M240190007100,UR
M240190007000,UR
M240190006900,UR
M240190006800,UR
M240190006700,UR
M240190006600,UR
M240190006500,UR
M240180000400,UR
M240180000500,UR
M240180000600,UR
M240180000700,UR
M240180000800,UR
M240180000900,UR
M240180001000,UR
M240180001100,UR
M240180001200,UR
M240180001300,UR
M240180007000,UR
M240180006900,UR
M240180006800,UR
M240180006700,UR
M240180006600,UR
M240180006500,UR
M240180006400,UR
M240180006300,UR
M240180006200,UR
M240180006100,UR
M240180006000,UR
M240220006400,CB
M240220006600,CB
M240220006700,CB
M240220006800,CB
M240220006900,CB
M240220007000,CB
M240220007100,CB
M240220007200,DE
M240220007300,DE
M240220007400,DE
M240220008200,CB
M240220008100,CB
M240220007900,CB
M240220008000,CB
M240220007800,CB
M240220007700,CB
M240220007600,DE
M240220007500,DE
M240220010200,DE
M240220010300,DE
M240220010400,DE
M240220010500,DE
M240220010100,DE
M240220009800,DE
M240220010600,DE
M240220010700,DE
M240220010800,DE
M240220010900,DE
M240220011000,DE
M240220011100,DE
M240220011200,DE
M240220011300,DE
M240220011400,DE
M240220011500,DE
M240220011600,DE
M240220011700,DE
M240220008400,CB
M240220008500,CB
M240220008600,CB
M240220008700,CB
M240220008800,CB
M240220008900,CB
M240220009000,CB
M240220009100,CB
M240220009200,CB
M240220009300,CB
M240220008300,I
M240220009400,DE
M240220012600,I
M240220009500,DE
M240210000500,CB
M240210000400,CB
M240210000300,CB
M240210000200,CB
M240200013901,UR
M240200010600,UR
M240200010700,UR
M240200010800,UR
M240200014400,UR
M240200014300,UR
M240200014200,UR
M240200014100,UR
M240200014000,UR
M240200013901,UR
M240200013900,UR
M240200013800,UR
M240200013700,UR
M240200013600,UR
M240190001500,UR
M240190001600,UR
M240190001700,UR
M240190001800,UR
M240190001900,UR
M240190002000,UR
M240190002100,UR
M240190002200,UR
M240190002300,UR
M240190002400,UR
M240190002500,UR
M240190006400,UR
M240190006300,UR
M240190006200,UR
M240190006100,UR
M240190006000,UR
M240190006001,UR
M240190005900,UR
M240190005800,UR
M240190005700,UR
M240190005600,UR
M240190005500,UR
M240190005400,UR
M240180001400,UR
M240180001500,UR
M240180001600,UR
M240180001700,UR
M240180001800,UR
M240180001900,UR
M240180002000,UR
M240180002100,UR
M240180002200,UR
M240180002300,UR
M240180002400,UR
M240180002500,UR
M240180002600,UR
M240180002700,UR
M240180002800,UR
M240180002900,UR
M240180003000,UR
M240180005900,UR
M240180005800,UR
M240180005700,UR
M240180005600,UR
M240180005400,UR
M240180005500,UR
M240180005401,UR
M240180005300,UR
M240180005200,UR
M240200010900,UR
M240200011000,UR
M240200011100,UR
M240200011200,UR
M240200011300,UR
M240200011400,UR
M240200011500,UR
M240200011600,UR
M240200011700,UR
M240200011800,UR
M240200011900,UR
M240200012000,UR
M240200012100,UR
M240200012200,UR
M240200012300,UR
M240200013500,UR
M240200013400,UR
M240200013300,UR
M240200013200,UR
M240200013100,UR
M240200012900,UR
M240200012800,UR
M240200012700,UR
M240200013000,UR
M240200012600,UR
M240200012400,UR
M240200012500,UR
M240190002600,UR
M240190002700,UR
M240190002800,UR
M240190002900,UR
M240190003000,UR
M240190003100,UR
M240190003200,UR
M240190003300,UR
M240190003400,UR
M240190003500,UR
M240190003600,UR
M240190003700,UR
M240190003800,UR
M240190003900,UR
M240190005300,UR
M240190005100,UR
M240190005200,UR
M240190005000,UR
M240190004900,UR
M240190004800,UR
M240190004700,UR
M240190004600,UR
M240190004500,UR
M240190004400,UR
M240190004300,UR
M240190004200,UR
M240190004100,UR
M240190004000,UR
M240170009601,UR
M240170009600,UR
M240180003100,UR
M240180003200,UR
M240180003300,UR
M240180003400,UR
M240180003500,UR
M240180003600,UR
M240180003700,UR
M240180004100,UR
M240180004000,UR
M240180004200,UR
M240180004300,UR
M240180004400,UR
M240180005100,UR
M240180005000,UR
M240180004900,UR
M240180004800,UR
M240180004700,UR
M240180004600,UR
M240180004500,UR
M240250009200,SR
M240250009300,SR
M240240002200,SR
M240250009200,SR
M240250009300,SR
M240210002800,UR
M240210002700,UR
M240210002600,UR
M240210002500,UR
M240210002400,UR
M240210002300,UR
M240210002100,UR
M240210002200,UR
M240210002000,UR
M240210001900,UR
M240210003100,UR
M240210003200,UR
M240210003300,UR
M240210003400,UR
M240210003500,UR
M240210003600,UR
M240210003700,UR
M240210003800,UR
M240210004900,UR
M240210004800,UR
M240210004700,UR
M240210004600,UR
M240210004500,UR
M240210004401,UR
M240210004400,UR
M240210004200,UR
M240210004100,UR
M240210004000,UR
M240210003900,UR
M240210001800,UR
M240210001700,UR
M240210001600,UR
M240210001500,CB
M240210001400,CB
M240210001100,UR
M240210001200,UR
M240210001000,UR
M240210000900,UR
M240210000800,UR
M240210000700,CB
M240210000600,CB
M240200005000,UR
M240200005100,UR
M240200005200,UR
M240200005300,UR
M240200005400,UR
M240200005500,UR
M240200005600,UR
M240200005700,UR
M240200005800,UR
M240200005900,UR
M240200009400,UR
M240200009300,UR
M240200009200,UR
M240200009100,UR
M240200009000,UR
M240200008900,UR
M240200008600,UR
M240200008700,UR
M240200008800,UR
M240200006000,UR
M240200006100,UR
M240200006200,UR
M240200006300,UR
M240200006400,UR
M240200006500,UR
M240200006600,UR
M240200006700,UR
M240200006800,UR
M240200006900,UR
M240200007000,UR
M240200007100,UR
M240200007200,UR
M240200007300,UR
M240200008500,UR
M240200008400,UR
M240200008300,UR
M240200008200,UR
M240200008100,UR
M240200008000,UR
M240200007900,UR
M240200007800,UR
M240200007700,UR
M240200007600,UR
M240200007500,UR
M240200007400,UR
M240280003300,UR
M240280003500,UR
M240280003600,UR
M240280003700,UR
M240280005000,UR
M240280004900,UR
M240280004800,UR
M240280003800,UR
M240280003900,UR
M240280004000,UR
M240280004100,UR
M240280004200,UR
M240280004300,UR
M240280004400,UR
M240280004700,UR
M240280004600,UR
M240280004500,UR
M240280005600,UR
M240280005500,UR
M240280005400,UR
M240280007100,UR
M240280007000,UR
M240280006901,UR
M240280005700,UR
M240280005800,UR
M240280005900,UR
M240280006000,UR
M240280006100,UR
M240280006200,UR
M240280006300,UR
M240280006400,UR
M240280006901,UR
M240280006900,UR
M240280006800,UR
M240280006700,UR
M240280006600,UR
M240280006500,UR
M240290000100,RC
M240290000200,RC
M240290004300,RC
M240290004200,RC
M240290004100,RC
M240290004400,RC
M240290004500,RC
M240290004600,RC
M240290000300,CB
M240290000400,CB
M240290000500,CB
M240290000600,CB
M240290000700,CB
M240290000800,CB
M240290000900,CB
M240290001000,CB
M240290001100,CB
M240290001200,CB
M240290001300,CB
M240290001400,CB
M240290001500,CB
M240290001600,CB
M240290004000,CB
M240290003900,CB
M240290003901,CB
M240290003800,CB
M240290003700,CB
M240290003600,CB
M240290003500,CB
M240290003400,CB
M240290003300,CB
M240290003200,CB
M240290003100,CB
M240290003000,CB
M240290004700,CB
M240290004800,CB
M240290004900,CB
M240290005000,CB
M240290005100,CB
M240290005200,CB
M240290005300,CB
M240290005400,CB
M240290005500,CB
M240290005600,CB
M240290005700,CB
M240290005800,CB
M240290005900,CB
M240290006000,CB
M240290006100,CB
M240290002800,CB
M240290001700,CB
M240290001800,CB
M240290001900,CB
M240290002000,CB
M240290002100,CB
M240290002900,CB
M240290002600,CB
M240290002700,CB
M240290002500,CB
M240290002400,CB
M240290002300,CB
M240290002200,CB
M240290006400,CB
M240290006500,CB
M240290006300,CB
M240290006200,CB
M240290006600,CB
M240290006700,CB
M240290006900,CB
M240290007200,CB
M240290007100,CB
M240290007300,CB
M240310032000,SR
M240300007000,SR
M240300006800,RC
M240300006700,RC
M240300005500,CB
M240300005400,CB
M240300005300,CB
M240310011000,SR
M240310011100,SR
M240310011200,SR
M240310011300,SR
M240310011400,SR
M240310011500,SR
M240310011600,SR
M240310011800,SR
M240310011900,SR
M240310012000,SR
M240310012200,SR
M240310012400,SR
M240310013900,SR
M240310013800,SR
M240310013700,SR
M240310013600,SR
M240310013500,SR
M240310013400,SR
M240310013300,SR
M240310013200,SR
M240310013000,SR
M240310013100,SR
M240310012900,SR
M240310012800,SR
M240310012700,SR
M240310012600,SR
M240310012500,SR
M240310020601,SR
M240310018200,SR
M240310018300,SR
M240310018400,SR
M240310018500,SR
M240310018600,SR
M240310018700,SR
M240310018800,SR
M240310018900,SR
M240310019000,SR
M240310019100,SR
M240310019200,SR
M240310019300,SR
M240310019400,SR
M240310020800,SR
M240310020700,SR
M240310020600,SR
M240310020500,SR
M240310020400,SR
M240310020300,SR
M240310020200,SR
M240310020100,SR
M240310020000,SR
M240310019900,SR
M240310019800,SR
M240310019700,SR
M240310019600,SR
M240310019500,SR
M240310023600,SR
M240310023700,SR
M240310023800,SR
M240310023900,SR
M240310024000,SR
M240310024100,SR
M240310024200,SR
M240310024300,SR
M240310024400,SR
M240310024500,SR
M240310024600,SR
M240310026200,SR
M240310026100,SR
M240310026000,SR
M240310025900,SR
M240310025800,SR
M240310025700,SR
M240310025600,SR
M240310025500,SR
M240310025400,SR
M240310025300,SR
M240310025100,SR
M240310025200,SR
M240310028400,SR
M240310028500,SR
M240310028600,SR
M240310028700,SR
M240310028800,SR
M240310028900,SR
M240310029000,SR
M240310029100,SR
M240310029200,SR
M240310029300,SR
M240310029400,SR
M240310029401,SR
M240310029500,SR
M240310030900,SR
M240310030800,SR
M240310030700,SR
M240310030600,SR
M240310030500,SR
M240310030400,SR
M240310030300,SR
M240310030200,SR
M240310030100,SR
M240310030000,SR
M240310029900,SR
M240310029800,SR
M240300007100,UR
M240300007300,UR
M240300007200,UR
M240300007400,UR
M240300007500,UR
M240300007600,UR
M240300007700,UR
M240300007800,UR
M240300007900,UR
M240300008000,UR
M240300008100,UR
M240300008101,UR
M240300008200,UR
M240300008300,UR
M240300023800,UR
M240300023700,UR
M240300023600,UR
M240300023500,UR
M240300023400,UR
M240300023300,UR
M240300023200,UR
M240300023100,UR
M240300023000,UR
M240300022900,UR
M240300022800,UR
M240300021700,UR
M240300021800,UR
M240300021900,UR
M240300022000,UR
M240300022100,UR
M240300022200,UR
M240300022300,UR
M240300022400,UR
M240300022500,UR
M240300022600,UR
M240300021600,UR
M240300021500,UR
M240300021400,UR
M240300021300,UR
M240300021200,UR
M240300021100,UR
M240300021000,UR
M240300020900,UR
M240300020800,UR
M240300020700,UR
M240300019600,UR
M240300019700,UR
M240300019800,UR
M240300019900,UR
M240300020000,UR
M240300020100,UR
M240300020200,UR
M240300020300,UR
M240300020400,UR
M240300020500,UR
M240300020600,UR
M240300019500,UR
M240300019400,UR
M240300019300,UR
M240300019200,UR
M240300019100,UR
M240300019000,UR
M240300018900,UR
M240300018800,UR
M240300018700,UR
M240300018600,UR
M240300017000,UR
M240300016900,UR
M240300017100,UR
M240300017200,UR
M240300017300,UR
M240300017400,UR
M240300017500,UR
M240300017600,UR
M240300017700,UR
M240300017800,UR
M240300017900,UR
M240300018000,UR
M240300018100,UR
M240300018200,UR
M240300016800,CB
M240300016700,CB
M240300016600,CB
M240300016500,CB
M240300016400,CB
M240300016300,CB
M240300016200,CB
M240300016100,CB
M240300016000,CB
M240300015900,CB
M240300015800,CB
M240300015700,CB
M240300015600,CB
M240250002500,SR
M240250002600,SR
M240250002700,SR
M240250002800,SR
M240250006400,SR
M240250006300,SR
M240250006200,SR
M240250006100,SR
M240250003000,SR
M240250003100,SR
M240250003200,SR
M240250003300,SR
M240250003400,SR
M240250003500,SR
M240250006000,SR
M240250005900,SR
M240250005800,SR
M240250005700,SR
M240250005600,SR
M240250005500,SR
M240250005400,SR
M240250005300,SR
M240250005200,SR
M240250005100,SR
M240250008000,SR
M240250008100,SR
M240250008200,SR
M240250008300,SR
M240250008400,SR
M240250012300,SR
M240250012200,SR
M240250012100,SR
M240250012000,SR
M240250011900,SR
M240250011800,SR
M240250011700,SR
M240250011600,SR
M240250011500,SR
M240250011400,SR
M240250012400,SR
M240250012500,SR
M240250012600,SR
M240250012700,SR
M240250012900,SR
M240250012800,SR
M240250013000,SR
M240250013100,SR
M240250013200,SR
M240250013300,SR
M240250013400,SR
M240250013500,SR
M240250013600,SR
M240250017100,SR
M240250017000,SR
M240250016900,SR
M240250016800,SR
M240250016700,SR
M240250016600,SR
M240250016500,SR
M240250016400,SR
M240250016300,SR
M240250016200,SR
M240250016100,SR
M240250016000,SR
M240250015900,SR
M240250015901,SR
M240250015800,SR
M240250015801,SR
M240240011700,SR
M240240000100,SR
M240240000200,SR
M240240000300,SR
M240240000400,SR
M240240000500,SR
M240240000600,SR
M240240000700,SR
M240240000800,SR
M240240000900,SR
M240240001000,SR
M240240001100,SR
M240240001200,SR
M240240006600,SR
M240240006500,SR
M240240006400,SR
M240240006300,SR
M240240006200,SR
M240240006100,SR
M240240006000,SR
M240240005900,SR
M240240005800,SR
M240240005700,SR
M240240005600,SR
M240240005500,SR
M240240005400,SR
M240240005300,SR
M240250008500,SR
M240250008600,SR
M240250008700,SR
M240250008800,SR
M240250008900,SR
M240250009000,SR
M240250009100,SR
M240250011300,SR
M240250011200,SR
M240250011100,SR
M240250011000,SR
M240250010900,SR
M240250010800,SR
M240250010700,SR
M240250009200,SR
M240250009300,SR
M240240002201,SR
M240240002200,SR
M240250009400,SR
M240250009400,SR
M240240002300,SR
M240240002300,SR
M240250009500,SR
M240250009500,SR
M240250009600,SR
M240250013700,SR
M240250013800,SR
M240250013900,SR
M240250014000,SR
M240250014100,SR
M240250014200,SR
M240250014300,SR
M240250009200,SR
M240250009300,SR
M240240002200,SR
M240250009400,SR
M240240002300,SR
M240250009500,SR
M240250009600,SR
M240250015700,SR
M240250015600,SR
M240250015500,SR
M240250015400,SR
M240250015300,SR
M240250015200,SR
M240250015100,SR
M240240002400,SR
M240240001300,SR
M240240001500,SR
M240240001600,SR
M240240001700,SR
M240240001800,SR
M240240001900,SR
M240240002000,SR
M240240002100,SR
M240240005200,SR
M240240005100,SR
M240240005000,SR
M240240004900,SR
M240240004800,SR
M240240004700,SR
M240240004600,SR
M240240004500,SR
M240240004400,SR
M240240004300,SR
M240240004200,SR
M240240004100,SR
M240240002400,SR
M240250015000,SR
M240250014900,SR
M240250014800,SR
M240250014700,SR
M240250014600,SR
M240250014500,SR
M240250014400,SR
M240250014400,SR
M240250014500,SR
M240250014600,SR
M240250014700,SR
M240250014800,SR
M240250014900,SR
M240250015000,SR
M240240002500,SR
M240240002600,SR
M240240002700,SR
M240240002800,SR
M240240002900,SR
M240240003000,SR
M240240004000,SR
M240240003900,SR
M240240003800,SR
M240240003700,SR
M240240003600,SR
M240240003500,SR
M240250010600,SR
M240250010600,SR
M240250010400,SR
M240250010500,SR
M240250010400,SR
M240250010500,SR
M240240003300,SR
M240240003400,SR
M240120017700,UR
M240120017600,UR
M240120017500,UR
M240120017400,UR
M240120011000,UR
M240120011100,UR
M240120011200,UR
M240120010800,UR
M240120010900,UR
M240120010700,UR
M240120005300,UR
M240120005400,UR
M240120005500,UR
M240120005600,UR
M240120005200,UR
M240120005100,UR
M240120005000,UR
M240120004900,UR
M240120000100,UR
M240120000200,UR
M240120000300,UR
M240120000400,UR
M240120017300,UR
M240120017200,UR
M240120011300,UR
M240120011400,UR
M240120011500,UR
M240120010600,UR
M240120010500,UR
M240120010300,UR
M240120010400,UR
M240120010200,UR
M240120005700,UR
M240120005800,UR
M240120006000,UR
M240120005900,UR
M240120004800,UR
M240120004700,UR
M240120004600,UR
M240120000500,UR
M240120004500,UR
M240120004400,UR
M240120000600,UR
M240090009900,UR
M240090005600,UR
M240090009800,UR
M240090005700,UR
M240120016800,UR
M240120016700,UR
M240120011600,UR
M240120011700,UR
M240120011800,UR
M240120010100,UR
M240120010000,UR
M240120009900,UR
M240120009800,UR
M240120006100,UR
M240120006200,UR
M240120006300,UR
M240120004300,UR
M240120004200,UR
M240120004100,UR
M240120000700,UR
M240120000800,UR
M240120000900,UR
M240120001000,UR
M240090009700,UR
M240090009600,UR
M240090009500,UR
M240090009400,UR
M240090005800,UR
M240090006000,UR
M240090005900,UR
M240090006100,UR
M240090006200,UR
M240120016400,UR
M240120016300,UR
M240120016200,UR
M240120016100,UR
M240120015800,DE
M240120016000,UR
M240120015900,DE
M240120015701,DE
M240120015700,DE
M240120015601,UR
M240120015600,DE
M240120015500,DE
M240120011900,UR
M240120012000,UR
M240120012200,DE
M240120012100,DE
M240120003900,UR
M240120003600,UR
M240120003800,UR
M240120001100,UR
M240120001200,UR
M240120003500,DE
M240120001400,UR
M240120001300,UR
M240090009300,UR
M240090009200,UR
M240090009100,UR
M240090006300,UR
M240090006400,UR
M240090008900,UR
M240090009000,UR
M240090008700,UR
M240090008800,UR
M240090006700,UR
M240090006600,UR
M240090006500,UR
M240060002900,UR
M240060002900,UR
M240090005000,UR
M240090004900,UR
M240090004700,UR
M240090004800,UR
M240090000300,UR
M240090000400,UR
M240090000500,UR
M240090000600,UR
M240060006800,UR
M240060002901,UR
M240060006700,UR
M240060006600,UR
M240060006500,UR
M240060003100,UR
M240060003000,UR
M240090004500,UR
M240090004600,UR
M240090000700,UR
M240090004400,UR
M240090004300,UR
M240090004200,UR
M240090000900,UR
M240090000800,UR
M240060006400,UR
M240060006300,UR
M240060003300,UR
M240060003200,UR
M240060006200,UR
M240060006100,UR
M240060006000,UR
M240060003400,UR
M240060003500,UR
M240060002700,UR
M240060000300,UR
M240060002600,UR
M240060002500,UR
M240060002400,UR
M240060000500,UR
M240060000400,UR
M240090004100,UR
M240090004000,UR
M240090003900,UR
M240090003800,UR
M240090001000,UR
M240090001100,UR
M240090003700,UR
M240090003600,UR
M240090001300,UR
M240090001200,UR
M240060005900,UR
M240060003601,UR
M240060003600,UR
M240060005800,UR
M240060005700,UR
M240060003800,UR
M240060003700,UR
M240060002300,UR
M240060002200,UR
M240060000600,UR
M240060000700,UR
M240060002100,UR
M240060002000,UR
M240060000900,UR
M240060000800,UR
M240120015400,DE
M240120015300,DE
M240120015200,DE
M240120015100,DE
M240120015000,DE
M240120014900,DE
M240120014800,DE
M240120014700,DE
M240120014600,DE
M240120012500,DE
M240120012400,DE
M240120012300,DE
M240120012600,DE
M240120012900,DE
M240120012800,DE
M240120012700,DE
M240120003400,DE
M240120003300,DE
M240120003200,DE
M240120003100,DE
M240120001600,UR
M240120001500,UR
M240120001900,DE
M240120001800,DE
M240120001700,DE
M240090008400,UR
M240090008600,UR
M240090008500,UR
M240090008300,UR
M240090008200,DE
M240090006900,UR
M240090006800,UR
M240090007000,UR
M240090007100,DE
M240120008700,DE
M240120008800,DE
M240120008900,DE
M240120008600,DE
M240120008601,DE
M240120008400,DE
M240120008300,DE
M240120007700,DE
M240120007600,DE
M240120007500,DE
M240120007800,DE
M240120008200,DE
M240120007900,DE
M240120008100,DE
M240120008000,DE
M240120003000,DE
M240120002900,DE
M240120002800,DE
M240120002901,DE
M240120002700,DE
M240120002600,DE
M240120002500,DE
M240120002400,DE
M240120002100,DE
M240120002200,DE
M240120002300,DE
M240090008100,DE
M240090008000,DE
M240090007800,UR
M240090007700,UR
M240090007900,UR
M240090007200,UR
M240090007300,UR
M240090007600,UR
M240090007500,UR
M240090007400,UR
M240080008800,UR
M240080008700,I
M240080004700,UR
M240080004500,UR
M240080004600,UR
M240080004800,UR
M240080004900,UR
M240110008600,I
M240110008500,CB
M240110008400,CB
M240110008300,CB
M240110000600,UR
M240080008600,I
M240080008500,I
M240080005000,UR
M240080008400,UR
M240080008300,UR
M240080005300,UR
M240080005100,I
M240080005200,UR
M240110008200,CB
M240110008100,CB
M240110008000,CB
M240110007900,CB
M240110007800,CB
M240110007700,CB
M240110000900,UR
M240110001000,UR
M240110001100,UR
M240110000700,UR
M240110000800,UR
M240110001200,UR
M240110001400,UR
M240110001300,UR
M240080008200,UR
M240080008100,UR
M240080008000,UR
M240080007900,UR
M240080007800,UR
M240080007700,UR
M240080007701,UR
M240080005500,UR
M240080005400,UR
M240080005600,UR
M240080005700,UR
M240110020300,UR
M240110020500,UR
M240110020400,UR
M240110020200,UR
M240110020100,UR
M240110018300,UR
M240110018200,UR
M240110018400,UR
M240110018500,UR
M240110018600,UR
M240110016100,UR
M240110016200,UR
M240110016000,UR
M240110015900,UR
M240110010600,UR
M240110010500,CB
M240110010700,UR
M240110010800,UR
M240110010900,UR
M240110007600,CB
M240110007500,CB
M240110007400,CB
M240110007300,CB
M240110001500,UR
M240110001600,UR
M240110001800,UR
M240110001700,UR
M240080007500,UR
M240080007600,UR
M240080007400,UR
M240080007300,UR
M240080005800,UR
M240080005900,UR
M240080006100,UR
M240080006000,UR
M240110020000,UR
M240110019900,UR
M240110019800,UR
M240110018700,UR
M240110018800,UR
M240110018900,UR
M240110019001,UR
M240110015700,UR
M240110015800,UR
M240110015500,UR
M240110015400,UR
M240110015300,UR
M240110011100,UR
M240110011000,CB
M240110011200,UR
M240110011300,UR
M240110011400,UR
M240110011500,UR
M240110007200,CB
M240110007001,CB
M240110007100,CB
M240110007000,CB
M240110006900,CB
M240110006800,CB
M240110006700,CB
M240110006600,CB
M240110002000,CB
M240110001900,CB
M240110002200,CB
M240110002100,CB
M240080007200,CB
M240080007100,CB
M240080007000,CB
M240080006200,CB
M240080006300,CB
M240080006400,CB
M240110019700,UR
M240110019600,UR
M240110019400,UR
M240110019100,UR
M240110019000,UR
M240110019101,UR
M240110019200,UR
M240110019300,UR
M240110015100,UR
M240110015200,UR
M240110014700,UR
M240110014800,UR
M240110014900,UR
M240110011700,UR
M240110011600,CB
M240110011800,UR
M240110011900,UR
M240110012000,UR
M240110012100,UR
M240110012200,UR
M240110006500,CB
M240110006400,CB
M240110006300,CB
M240110006200,CB
M240110002500,CB
M240110002400,CB
M240110002300,CB
M240110002600,CB
M240110002700,CB
M240080006900,CB
M240080006800,CB
M240080010800,CB
M240080010700,CB
M240080010600,CB
M240080006600,CB
M240080006500,CB
M240080006700,CB
M240080009100,CB
M240080009000,CB
M240080009200,CB
M240090003500,UR
M240090003400,UR
M240090001500,UR
M240090001400,UR
M240090003202,UR
M240090003200,UR
M240090003300,UR
M240090003201,UR
M240090001700,UR
M240090001600,UR
M240060005600,UR
M240060005500,UR
M240060004100,UR
M240060004000,UR
M240060003900,UR
M240060005400,UR
M240060005300,UR
M240060004200,UR
M240060004300,UR
M240060001900,UR
M240060001800,UR
M240060001700,UR
M240060001100,UR
M240060001000,UR
M240090003000,UR
M240090003100,UR
M240090002200,UR
M240090002000,UR
M240090001900,UR
M240090002100,UR
M240090001800,UR
M240090002900,UR
M240090002800,UR
M240090002700,UR
M240090002500,UR
M240090002300,UR
M240090002600,UR
M240090002400,UR
M240060005200,UR
M240060005100,UR
M240060005000,UR
M240060004900,UR
M240060004800,UR
M240050003700,UR
M240080004300,UR
M240080004400,UR
M240080004200,UR
M240080000200,UR
M240080000100,UR
M240080000300,UR
M240080000400,UR
M240080004100,UR
M240080004000,UR
M240080003800,UR
M240080003900,UR
M240080000500,UR
M240080000600,UR
M240080000800,UR
M240080000700,UR
M240050008400,UR
M240050004400,UR
M240050008300,UR
M240050008200,UR
M240050004700,UR
M240050004600,UR
M240050004500,UR
M240050002800,UR
M240080003700,UR
M240080003600,UR
M240080003500,UR
M240080003400,UR
M240080001000,UR
M240080000900,UR
M240080001100,UR
M240080001001,UR
M240050007800,UR
M240050008100,UR
M240050008000,UR
M240050005000,UR
M240050004900,UR
M240050004800,UR
M240050007900,UR
M240050007700,UR
M240050005200,UR
M240050005100,UR
M240050002400,UR
M240080003200,UR
M240080003300,UR
M240080003100,UR
M240080003000,UR
M240080001300,UR
M240080001301,UR
M240080001200,UR
M240080001500,UR
M240080001400,UR
M240050007600,UR
M240050007500,UR
M240050005400,UR
M240050005300,UR
M240050007400,UR
M240050007300,UR
M240050005600,UR
M240050005500,UR
M240050002300,UR
M240050002200,UR
M240050001100,UR
M240050002100,UR
M240050002000,UR
M240050001200,UR
M240080002900,CB
M240080002700,CB
M240080002600,CB
M240080002500,CB
M240080001800,CB
M240080001700,CB
M240080001600,CB
M240080001901,CB
M240080001900,CB
M240050007200,CB
M240050007100,CB
M240050005800,CB
M240050005700,CB
M240050007000,CB
M240050006900,CB
M240050006800,CB
M240050005900,CB
M240050006000,CB
M240050001800,CB
M240050001300,CB
M240050001900,CB
M240050001800,CB
M240050001300,CB
M240080002400,CB
M240080002300,CB
M240080002200,CB
M240080002100,CB
M240080002000,CB
M240080002002,CB
M240080002001,CB
M240050006700,CB
M240050006600,CB
M240050006500,CB
M240050006100,CB
M240050006200,CB
M240050006300,CB
M240050006400,CB
M240050001700,CB
M240050001400,CB
M240050001600,CB
M240050001500,CB
M240020012000,SR
M240020012001,SR
M240030001401,SR
M240070002401,SR
M240030000800,SR
M240070001702,SR
M240070001701,SR
M240030001108,SR
M240030001107,SR
M240030001104,SR
M240030001105,SR
M240030001106,SR
M240030001103,SR
M240030001102,SR
M240030006501,SR
M240070000501,SR
M240110005101,SR
M240110006100,SR
M240110012800,AR
M240110012700,AR
M240110012600,AR
M240110012300,UR
M240110012400,UR
M240110012500,UR
M240110013401,UR
M240110013402,UR
M240110014600,UR
M240110013403,UR
M240110014500,UR
M240110013400,UR
M240110013300,AR
M240110003800,UR
M240110003900,UR
M240110004600,UR
M240110004000,UR
M240110004100,UR
M240110004200,UR
M240110004300,UR
M240110004500,UR
M240110004400,UR
M240110004700,UR
M240110004800,SR
M240110004900,SR
M240110005000,SR
M240110005001,SR
M240110021400,SU
M240110006001,SU
M240110006000,SU
M240110005901,SR
M240110005900,SR
M240110005800,SR
M240110005700,SR
M240110005600,SR
M240110005500,SR
M240110005400,SR
M240110005300,SR
M240110005200,SR
M240110005100,SR
M240110002800,SR
M240110002900,SR
M240110003000,SR
M240110003100,SR
M240110003200,SR
M240110003401,SR
M240110003400,SR
M240110003500,SR
M240110003600,SR
M240010000800,SR
M240010000700,SR
M240010000500,SR
M240010000600,SR
M240010000400,SR
M240020002900,SU
M240010000100,SU
M240010000200,CB
M240010000200,CB
M240010000300,SR
M240070002400,SR
M240070000100,SR
M240070000200,SR
M240080010300,SR
M240080010400,SR
M240080010200,SR
M240080010100,SR
M240080010000,SR
M240080009900,SR
M240080009800,SR
M240080009700,SR
M240080009300,SR
M240080009400,SR
M240080009500,SR
M240080009600,SR
M240080010900,SR
M240080011000,SR
M240080011001,SR
M240080011100,SR
M240080011200,SR
M240030001000,SR
M240030001100,SR
M240030001101,SR
M240030000210,SR
M240030000209,SR
M240030000208,SR
M240030000207,SR
M240030000206,SR
M240030000205,SR
M240030003800,SR
M240030003700,SR
M240030005300,SR
M240030005301,SR
M240030005400,SR
M240030005500,SR
M240030005600,SR
M240030005700,SR
M240030005800,SR
M240030005900,SR
M240030006000,SR
M240030007500,SR
M240030007601,SR
M240030007600,SR
M240030007403,SR
M240030007401,SR
M240030007402,SR
M240030007400,SR
M240030007300,SR
M240030007301,SR
M240030007200,SR
M240030007100,SR
M240070002500,SR
M240030002600,SR
M240030002601,SR
M240030003400,SR
M240030003100,SR
M240030003300,SR
M240030003000,SR
M240030003200,SR
M240030002900,SR
M240030002800,SR
M240030002700,SR
M240030006100,SR
M240030006200,SR
M240030006300,SR
M240030007000,SR
M240030006900,SR
M240030006800,SR
M240030006400,SR
M240030006500,SR
M240030006600,SR
M240030006700,SR
M240030000204,SR
M240030000203,SR
M240030000202,SR
M240030000211,SR
M240030000212,SR
M240030000213,SR
M240030000214,SR
M240030000215,SR
M240030000216,SR
M240030000217,SR
M240030000218,SR
M240030000219,SR
M240030000230,SR
M240030000229,SR
M240030000228,SR
M240030000227,SR
M240030000226,SR
M240030000225,SR
M240030000224,SR
M240030000223,SR
M240030000222,SR
M240030000221,SR
M240030000220,SR
M240030000201,SR
M240030000100,SR
M240070002200,SR
M240070001300,SR
M240070001400,SR
M240070001500,SR
M240070001600,SR
M240070001700,SR
M240070002100,SR
M240070002000,SR
M240070001900,SR
M240070001800,SR
M240070001000,SR
M240070000900,SR
M240070000800,SR
M240130000202,SR
M240070000400,SR
M240070000500,SR
M240070000300,SR
M240070000600,SR
M240070000700,SR
M240070001100,SR
M240070001200,SR
M240110003700,SR
M240070002300,SR
M240070002800,SR
M240070002900,SR
M240070002700,SR
M240070002600,SR
M240030001200,SR
M240030001500,SR
M240030001400,SR
M240030001300,SR
M240030004900,SR
M240030005000,SR
M240030005200,SR
M240030005100,SR
M240030007800,SR
M240030007700,SR
M240030001700,SR
M240030001601,SR
M240030001900,SR
M240030001800,SR
M240030001600,SR
M240030002002,SR
M240030002001,SR
M240030002100,SR
M240030002000,SR
M240030002200,SR
M240030002401,SR
M240030002400,SR
M240030002300,SR
M240030002501,SR
M240030002500,SR
M240030002502,SR
M240030004800,SR
M240030004802,SR
M240030004803,SR
M240030004801,SR
M240030004700,SR
M240030004501,SR
M240030004601,SR
M240030004600,SR
M240030004500,SR
M240030004101,SR
M240030004100,SR
M240030004400,SR
M240030004000,SR
M240030004300,SR
M240030004200,SR
M240030003900,SR
M240030003500,SR
M240030003600,SR
M240070002500,SR
M240010000101,SU
M240030000101,SR
M240030000102,SR
M240030000103,SR
M240010000601,SR
M240030004805,SR
M240030004806,SR
M240030004804,SR
M240070001501,SR
M240070001502,SR
M240030004701,SR
M240070001503,SR
M240070002502,SR
M240070002501,SR